﻿{
    "Plugins":[
        {
            "PluginTypeName":"RazorTemplatingPlugin",
            "PluginTypeEnum": 1,
            "DllName": "FaithEngage.Plugins.dll",
            "Files" : [
                "FaithEngage.Plugins.dll",
                "System.Web.Razor.dll",
                "RazorEngine.dll",
                "System.Web.Razor.xml",
                "RazorEngine.xml"
            ]
        },
        {
            "PluginTypeName":"TextUnitPlugin",
            "PluginTypeEnum":0,
            "DllName":"FaithEngage.Plugins.dll",
            "Files":[
                "FaithEngage.Plugins.dll",
                "System.Web.Razor.dll",
                "RazorEngine.dll",
                "TextUnitCardTemplate.cshtml",
                "TextUnitEditorTemplate.cshtml"
            ]
        }
    ]
}
